{"cameraMode":{"drawMode":0,"name":"Shaded","section":"Shading Mode"},"sceneLighting":true,"audioPlay":false,"sceneViewState":{"m_AlwaysRefresh":false,"showFog":true,"showSkybox":true,"showFlares":true,"showImageEffects":true,"showParticleSystems":true,"showVisualEffectGraphs":true,"m_FxEnabled":true},"in2DMode":false,"pivot":{"x":12.299692153930664,"y":13.910948753356934,"z":-2.641796112060547},"rotation":{"x":0.15025310218334199,"y":-0.4480639100074768,"z":0.07668265700340271,"w":0.8779432773590088},"size":20.715396881103517,"orthographic":true}